Company Name,Official Website,Company Email,Company Phone,Address,City,State,Zip Code,Country,Employee Count,Employee Range,Company Size Status,Investor Type,Decision Maker Name,Title,Verified Email,Decision Maker LinkedIn,Decision Maker Facebook,Decision Maker Instagram,Decision Maker YouTube,Decision Maker X,Company LinkedIn,Company Facebook,Company Instagram,Company YouTube,Company X,Qualification Status,Qualification Reason,Lead Score,Verification Status
"B2B Software Companies in San Francisco, CA",NOT_FOUND,NOT_FOUND,NOT_FOUND,NOT_FOUND,San Francisco,California,NOT_FOUND,US,UNKNOWN,UNKNOWN,NOT_REQUESTED,NOT_FOUND,NOT_FOUND,NOT_FOUND,NOT_FOUND,NOT_FOUND,NOT_FOUND,NOT_FOUND,NOT_FOUND,NOT_FOUND,NOT_FOUND,NOT_FOUND,NOT_FOUND,NOT_FOUND,NOT_FOUND,NEEDS_REVIEW,Company name is present.; Industry/category evidence matched the requested search criteria.; Location has unresolved verification conflict.; Critical required fields have unresolved verification conflicts.,0,VERIFIED
The 19 Software Development Companies Actually Operating in San Francisco,NOT_FOUND,NOT_FOUND,NOT_FOUND,NOT_FOUND,San Francisco,California,NOT_FOUND,US,UNKNOWN,UNKNOWN,NOT_REQUESTED,NOT_FOUND,NOT_FOUND,NOT_FOUND,NOT_FOUND,NOT_FOUND,NOT_FOUND,NOT_FOUND,NOT_FOUND,NOT_FOUND,NOT_FOUND,NOT_FOUND,NOT_FOUND,NOT_FOUND,NOT_FOUND,NEEDS_REVIEW,Company name is present.; Industry/category evidence matched the requested search criteria.; Location has unresolved verification conflict.; Critical required fields have unresolved verification conflicts.,0,VERIFIED
83 Software Companies in San Francisco to Know,NOT_FOUND,NOT_FOUND,NOT_FOUND,NOT_FOUND,San Francisco,California,NOT_FOUND,US,UNKNOWN,UNKNOWN,NOT_REQUESTED,NOT_FOUND,NOT_FOUND,NOT_FOUND,NOT_FOUND,NOT_FOUND,NOT_FOUND,NOT_FOUND,NOT_FOUND,NOT_FOUND,NOT_FOUND,NOT_FOUND,NOT_FOUND,NOT_FOUND,NOT_FOUND,NEEDS_REVIEW,Company name is present.; Industry/category evidence matched the requested search criteria.; Location has unresolved verification conflict.; Critical required fields have unresolved verification conflicts.,0,VERIFIED
"Software Engineer Jobs in Los Angeles, CA",NOT_FOUND,NOT_FOUND,NOT_FOUND,NOT_FOUND,Los Angeles,California,NOT_FOUND,US,UNKNOWN,UNKNOWN,NOT_REQUESTED,NOT_FOUND,NOT_FOUND,NOT_FOUND,NOT_FOUND,NOT_FOUND,NOT_FOUND,NOT_FOUND,NOT_FOUND,NOT_FOUND,NOT_FOUND,NOT_FOUND,NOT_FOUND,NOT_FOUND,NOT_FOUND,NEEDS_REVIEW,Industry/category evidence matched the requested search criteria.; Company identity has unresolved verification conflict.; Location has unresolved verification conflict.; Critical required fields have unresolved verification conflicts.,0,NEEDS_REVIEW
"Top Tech Companies in Los Angeles, CA 2026",NOT_FOUND,NOT_FOUND,NOT_FOUND,NOT_FOUND,Los Angeles,California,NOT_FOUND,US,UNKNOWN,UNKNOWN,NOT_REQUESTED,NOT_FOUND,NOT_FOUND,NOT_FOUND,NOT_FOUND,NOT_FOUND,NOT_FOUND,NOT_FOUND,NOT_FOUND,NOT_FOUND,NOT_FOUND,NOT_FOUND,NOT_FOUND,NOT_FOUND,NOT_FOUND,NEEDS_REVIEW,Company name is present.; Industry/category evidence matched the requested search criteria.; Location has unresolved verification conflict.; Critical required fields have unresolved verification conflicts.,0,VERIFIED
Top Software Development Agencies in Los Angeles,https://clutch.co/developers/los-angeles,NOT_FOUND,NOT_FOUND,NOT_FOUND,Los Angeles,California,NOT_FOUND,US,UNKNOWN,UNKNOWN,NOT_REQUESTED,NOT_FOUND,NOT_FOUND,NOT_FOUND,NOT_FOUND,NOT_FOUND,NOT_FOUND,NOT_FOUND,NOT_FOUND,NOT_FOUND,NOT_FOUND,NOT_FOUND,NOT_FOUND,NOT_FOUND,NOT_FOUND,QUALIFIED,"Company name is present.; Location matched requested criteria (Los Angeles, California, US).; Industry/category evidence matched the requested search criteria.",42,SUPPORTED
Built In Los Angeles: Los Angeles Tech & Startups,NOT_FOUND,NOT_FOUND,NOT_FOUND,NOT_FOUND,Los Angeles,California,NOT_FOUND,US,UNKNOWN,UNKNOWN,NOT_REQUESTED,NOT_FOUND,NOT_FOUND,NOT_FOUND,NOT_FOUND,NOT_FOUND,NOT_FOUND,NOT_FOUND,NOT_FOUND,NOT_FOUND,NOT_FOUND,NOT_FOUND,NOT_FOUND,NOT_FOUND,NOT_FOUND,NEEDS_REVIEW,Company name is present.; Industry/category evidence matched the requested search criteria.; Location has unresolved verification conflict.; Critical required fields have unresolved verification conflicts.,0,VERIFIED
Top Software Companies in Los Angeles,https://www.goodfirms.co/directory/city/top-software-development-companies/los-angeles,NOT_FOUND,NOT_FOUND,NOT_FOUND,Los Angeles,California,NOT_FOUND,US,UNKNOWN,UNKNOWN,NOT_REQUESTED,NOT_FOUND,NOT_FOUND,NOT_FOUND,NOT_FOUND,NOT_FOUND,NOT_FOUND,NOT_FOUND,NOT_FOUND,NOT_FOUND,NOT_FOUND,NOT_FOUND,NOT_FOUND,NOT_FOUND,NOT_FOUND,QUALIFIED,"Company name is present.; Location matched requested criteria (Los Angeles, California, US).; Industry/category evidence matched the requested search criteria.",0,SUPPORTED
Top Software Development Companies in California in 2026,NOT_FOUND,NOT_FOUND,NOT_FOUND,NOT_FOUND,Los Angeles,California,NOT_FOUND,US,UNKNOWN,UNKNOWN,NOT_REQUESTED,NOT_FOUND,NOT_FOUND,NOT_FOUND,NOT_FOUND,NOT_FOUND,NOT_FOUND,NOT_FOUND,NOT_FOUND,NOT_FOUND,NOT_FOUND,NOT_FOUND,NOT_FOUND,NOT_FOUND,NOT_FOUND,NEEDS_REVIEW,Company name is present.; Industry/category evidence matched the requested search criteria.; Location has unresolved verification conflict.; Critical required fields have unresolved verification conflicts.,0,VERIFIED
Custom Software Development Company in Los Angeles,https://www.digisoftsolution.com/en-us/los-angeles-software-development-company,info@digisoftsolution.com,'+1 213-774-2350,NOT_FOUND,Los Angeles,California,NOT_FOUND,US,UNKNOWN,UNKNOWN,NOT_REQUESTED,NOT_FOUND,NOT_FOUND,NOT_FOUND,NOT_FOUND,NOT_FOUND,NOT_FOUND,NOT_FOUND,NOT_FOUND,NOT_FOUND,https://linkedin.com/company/digisoft-solution,https://facebook.com/DigiSoftSolution,https://instagram.com/digisoft_solution/,NOT_FOUND,NOT_FOUND,NEEDS_REVIEW,Company name is present.; Industry/category evidence matched the requested search criteria.; Location has unresolved verification conflict.; Critical required fields have unresolved verification conflicts.,0,VERIFIED
Oak Stream Investors,NOT_FOUND,NOT_FOUND,NOT_FOUND,NOT_FOUND,NOT_FOUND,NOT_FOUND,NOT_FOUND,NOT_FOUND,UNKNOWN,UNKNOWN,NOT_REQUESTED,NOT_FOUND,NOT_FOUND,NOT_FOUND,NOT_FOUND,NOT_FOUND,NOT_FOUND,NOT_FOUND,NOT_FOUND,NOT_FOUND,NOT_FOUND,NOT_FOUND,NOT_FOUND,NOT_FOUND,NOT_FOUND,NOT_FOUND,NOT_FOUND,NOT_FOUND,NOT_FOUND
Trinity Investments,NOT_FOUND,NOT_FOUND,NOT_FOUND,NOT_FOUND,NOT_FOUND,NOT_FOUND,NOT_FOUND,NOT_FOUND,UNKNOWN,UNKNOWN,NOT_REQUESTED,NOT_FOUND,NOT_FOUND,NOT_FOUND,NOT_FOUND,NOT_FOUND,NOT_FOUND,NOT_FOUND,NOT_FOUND,NOT_FOUND,NOT_FOUND,NOT_FOUND,NOT_FOUND,NOT_FOUND,NOT_FOUND,NOT_FOUND,NOT_FOUND,NOT_FOUND,NOT_FOUND
Fidelity Investments,NOT_FOUND,NOT_FOUND,NOT_FOUND,NOT_FOUND,NOT_FOUND,NOT_FOUND,NOT_FOUND,NOT_FOUND,UNKNOWN,UNKNOWN,NOT_REQUESTED,NOT_FOUND,NOT_FOUND,NOT_FOUND,NOT_FOUND,NOT_FOUND,NOT_FOUND,NOT_FOUND,NOT_FOUND,NOT_FOUND,NOT_FOUND,NOT_FOUND,NOT_FOUND,NOT_FOUND,NOT_FOUND,NOT_FOUND,NOT_FOUND,NOT_FOUND,NOT_FOUND
Engel & Volkers,NOT_FOUND,NOT_FOUND,NOT_FOUND,NOT_FOUND,NOT_FOUND,NOT_FOUND,NOT_FOUND,NOT_FOUND,UNKNOWN,UNKNOWN,NOT_REQUESTED,NOT_FOUND,NOT_FOUND,NOT_FOUND,NOT_FOUND,NOT_FOUND,NOT_FOUND,NOT_FOUND,NOT_FOUND,NOT_FOUND,NOT_FOUND,NOT_FOUND,NOT_FOUND,NOT_FOUND,NOT_FOUND,NEEDS_REVIEW,Company name is present.; Location evidence was not found.; No legitimate industry/category evidence was found for the requested criteria.,14,SUPPORTED
Century 21,NOT_FOUND,NOT_FOUND,NOT_FOUND,NOT_FOUND,NOT_FOUND,NOT_FOUND,NOT_FOUND,NOT_FOUND,UNKNOWN,UNKNOWN,NOT_REQUESTED,NOT_FOUND,NOT_FOUND,NOT_FOUND,NOT_FOUND,NOT_FOUND,NOT_FOUND,NOT_FOUND,NOT_FOUND,NOT_FOUND,NOT_FOUND,NOT_FOUND,NOT_FOUND,NOT_FOUND,NOT_FOUND,NEEDS_REVIEW,Company name is present.; Location evidence was not found.; No legitimate industry/category evidence was found for the requested criteria.,14,SUPPORTED
Coldwell Banker Apex Realotrs,NOT_FOUND,NOT_FOUND,NOT_FOUND,NOT_FOUND,NOT_FOUND,NOT_FOUND,NOT_FOUND,NOT_FOUND,UNKNOWN,UNKNOWN,NOT_REQUESTED,NOT_FOUND,NOT_FOUND,NOT_FOUND,NOT_FOUND,NOT_FOUND,NOT_FOUND,NOT_FOUND,NOT_FOUND,NOT_FOUND,NOT_FOUND,NOT_FOUND,NOT_FOUND,NOT_FOUND,NOT_FOUND,NEEDS_REVIEW,Company name is present.; Location evidence was not found.; No legitimate industry/category evidence was found for the requested criteria.,14,SUPPORTED
Berkshire Hathaway HomeServices,NOT_FOUND,NOT_FOUND,NOT_FOUND,NOT_FOUND,NOT_FOUND,NOT_FOUND,NOT_FOUND,NOT_FOUND,UNKNOWN,UNKNOWN,NOT_REQUESTED,NOT_FOUND,NOT_FOUND,NOT_FOUND,NOT_FOUND,NOT_FOUND,NOT_FOUND,NOT_FOUND,NOT_FOUND,NOT_FOUND,NOT_FOUND,NOT_FOUND,NOT_FOUND,NOT_FOUND,NOT_FOUND,NEEDS_REVIEW,Company name is present.; Location evidence was not found.; No legitimate industry/category evidence was found for the requested criteria.,14,SUPPORTED
Lily Moore Realty,NOT_FOUND,NOT_FOUND,NOT_FOUND,NOT_FOUND,NOT_FOUND,NOT_FOUND,NOT_FOUND,NOT_FOUND,UNKNOWN,UNKNOWN,NOT_REQUESTED,NOT_FOUND,NOT_FOUND,NOT_FOUND,NOT_FOUND,NOT_FOUND,NOT_FOUND,NOT_FOUND,NOT_FOUND,NOT_FOUND,NOT_FOUND,NOT_FOUND,NOT_FOUND,NOT_FOUND,NOT_FOUND,NEEDS_REVIEW,Company name is present.; Location evidence was not found.; No legitimate industry/category evidence was found for the requested criteria.,14,SUPPORTED
Independence Title,NOT_FOUND,NOT_FOUND,NOT_FOUND,NOT_FOUND,NOT_FOUND,NOT_FOUND,NOT_FOUND,NOT_FOUND,UNKNOWN,UNKNOWN,NOT_REQUESTED,NOT_FOUND,NOT_FOUND,NOT_FOUND,NOT_FOUND,NOT_FOUND,NOT_FOUND,NOT_FOUND,NOT_FOUND,NOT_FOUND,NOT_FOUND,NOT_FOUND,NOT_FOUND,NOT_FOUND,NOT_FOUND,NEEDS_REVIEW,Company name is present.; Location evidence was not found.; No legitimate industry/category evidence was found for the requested criteria.,14,SUPPORTED
Ebby Halliday Real Estate,NOT_FOUND,NOT_FOUND,NOT_FOUND,6000 Long Prairie Road,NOT_FOUND,NOT_FOUND,NOT_FOUND,NOT_FOUND,UNKNOWN,UNKNOWN,NOT_REQUESTED,NOT_FOUND,NOT_FOUND,NOT_FOUND,NOT_FOUND,NOT_FOUND,NOT_FOUND,NOT_FOUND,NOT_FOUND,NOT_FOUND,NOT_FOUND,NOT_FOUND,NOT_FOUND,NOT_FOUND,NOT_FOUND,NEEDS_REVIEW,Company name is present.; Industry/category evidence matched the requested search criteria.; Location evidence was not found.,14,NOT_FOUND
Weichert,NOT_FOUND,NOT_FOUND,'+19725446400,NOT_FOUND,NOT_FOUND,NOT_FOUND,NOT_FOUND,NOT_FOUND,UNKNOWN,UNKNOWN,NOT_REQUESTED,NOT_FOUND,NOT_FOUND,NOT_FOUND,NOT_FOUND,NOT_FOUND,NOT_FOUND,NOT_FOUND,NOT_FOUND,NOT_FOUND,NOT_FOUND,NOT_FOUND,NOT_FOUND,NOT_FOUND,NOT_FOUND,NEEDS_REVIEW,Company name is present.; Location evidence was not found.; No legitimate industry/category evidence was found for the requested criteria.,14,SUPPORTED
Dallas & Beyond,NOT_FOUND,NOT_FOUND,'+12146831834,NOT_FOUND,NOT_FOUND,NOT_FOUND,NOT_FOUND,NOT_FOUND,UNKNOWN,UNKNOWN,NOT_REQUESTED,NOT_FOUND,NOT_FOUND,NOT_FOUND,NOT_FOUND,NOT_FOUND,NOT_FOUND,NOT_FOUND,NOT_FOUND,NOT_FOUND,NOT_FOUND,NOT_FOUND,NOT_FOUND,NOT_FOUND,NOT_FOUND,NEEDS_REVIEW,Company name is present.; Location evidence was not found.; No legitimate industry/category evidence was found for the requested criteria.,14,NOT_FOUND
Ebby Halliday,NOT_FOUND,NOT_FOUND,NOT_FOUND,2430 South Interstate 35E,Denton,TX,76210,NOT_FOUND,UNKNOWN,UNKNOWN,NOT_REQUESTED,NOT_FOUND,NOT_FOUND,NOT_FOUND,NOT_FOUND,NOT_FOUND,NOT_FOUND,NOT_FOUND,NOT_FOUND,NOT_FOUND,NOT_FOUND,NOT_FOUND,NOT_FOUND,NOT_FOUND,NOT_FOUND,NEEDS_REVIEW,Company name is present.; Location matched requested criteria (TX).; No legitimate industry/category evidence was found for the requested criteria.,38,NOT_FOUND
Caldwell Banker,NOT_FOUND,NOT_FOUND,NOT_FOUND,3111 Unicorn Lake Boulevard,Denton,TX,76210,NOT_FOUND,UNKNOWN,UNKNOWN,NOT_REQUESTED,NOT_FOUND,NOT_FOUND,NOT_FOUND,NOT_FOUND,NOT_FOUND,NOT_FOUND,NOT_FOUND,NOT_FOUND,NOT_FOUND,NOT_FOUND,NOT_FOUND,NOT_FOUND,NOT_FOUND,NOT_FOUND,NEEDS_REVIEW,Company name is present.; Location matched requested criteria (TX).; No legitimate industry/category evidence was found for the requested criteria.,38,SUPPORTED
Sendera Title,NOT_FOUND,NOT_FOUND,NOT_FOUND,65 Andorra,Westlake,TX,76262,NOT_FOUND,UNKNOWN,UNKNOWN,NOT_REQUESTED,NOT_FOUND,NOT_FOUND,NOT_FOUND,NOT_FOUND,NOT_FOUND,NOT_FOUND,NOT_FOUND,NOT_FOUND,NOT_FOUND,NOT_FOUND,NOT_FOUND,NOT_FOUND,NOT_FOUND,NOT_FOUND,NEEDS_REVIEW,Company name is present.; Location matched requested criteria (TX).; No legitimate industry/category evidence was found for the requested criteria.,38,SUPPORTED
Mill Old Town,https://milloldtown.com/,NOT_FOUND,'+19726954401,535 South Mill Street,NOT_FOUND,NOT_FOUND,NOT_FOUND,NOT_FOUND,UNKNOWN,UNKNOWN,NOT_REQUESTED,NOT_FOUND,NOT_FOUND,NOT_FOUND,NOT_FOUND,NOT_FOUND,NOT_FOUND,NOT_FOUND,NOT_FOUND,NOT_FOUND,NOT_FOUND,NOT_FOUND,NOT_FOUND,NOT_FOUND,NOT_FOUND,NEEDS_REVIEW,Company name is present.; Location evidence was not found.; No legitimate industry/category evidence was found for the requested criteria.,14,NOT_FOUND
Engel & Völkers,https://evrealestate.com/shops/dallasfortworth/our-shops/dallas-southlake,NOT_FOUND,NOT_FOUND,1111 East Southlake Boulevard,Southlake,TX,76092,NOT_FOUND,UNKNOWN,UNKNOWN,NOT_REQUESTED,NOT_FOUND,NOT_FOUND,NOT_FOUND,NOT_FOUND,NOT_FOUND,NOT_FOUND,NOT_FOUND,NOT_FOUND,NOT_FOUND,NOT_FOUND,NOT_FOUND,NOT_FOUND,NOT_FOUND,NOT_FOUND,NEEDS_REVIEW,Company name is present.; Location matched requested criteria (TX).; No legitimate industry/category evidence was found for the requested criteria.,38,SUPPORTED
Team Tataje - Keller Williams,http://teamtataje.com/,NOT_FOUND,NOT_FOUND,850 East State Highway 114,Southlake,TX,76092,NOT_FOUND,UNKNOWN,UNKNOWN,NOT_REQUESTED,NOT_FOUND,NOT_FOUND,NOT_FOUND,NOT_FOUND,NOT_FOUND,NOT_FOUND,NOT_FOUND,NOT_FOUND,NOT_FOUND,NOT_FOUND,NOT_FOUND,NOT_FOUND,NOT_FOUND,NOT_FOUND,NEEDS_REVIEW,Company name is present.; Location matched requested criteria (TX).; No legitimate industry/category evidence was found for the requested criteria.,38,SUPPORTED
Ebby Halliday Realtors,https://ebby.com/bio/southlake,NOT_FOUND,'+18174815882,1575 East Southlake Boulevard,Southlake,TX,76092,NOT_FOUND,UNKNOWN,UNKNOWN,NOT_REQUESTED,NOT_FOUND,NOT_FOUND,NOT_FOUND,NOT_FOUND,NOT_FOUND,NOT_FOUND,NOT_FOUND,NOT_FOUND,NOT_FOUND,NOT_FOUND,NOT_FOUND,NOT_FOUND,NOT_FOUND,NOT_FOUND,NEEDS_REVIEW,Company name is present.; Location matched requested criteria (TX).; No legitimate industry/category evidence was found for the requested criteria.,38,SUPPORTED
Treeline by Hillwood Communities,https://treelinebyhillwood.com/,NOT_FOUND,'+19403736274,11629 Canopy Trail,Justin,TX,76247,NOT_FOUND,UNKNOWN,UNKNOWN,NOT_REQUESTED,NOT_FOUND,NOT_FOUND,NOT_FOUND,NOT_FOUND,NOT_FOUND,NOT_FOUND,NOT_FOUND,NOT_FOUND,NOT_FOUND,NOT_FOUND,NOT_FOUND,NOT_FOUND,NOT_FOUND,NOT_FOUND,NEEDS_REVIEW,Company name is present.; Location matched requested criteria (TX).; No legitimate industry/category evidence was found for the requested criteria.,38,SUPPORTED
Pecan Square By Hillwood Communities,https://pecansquarebyhillwood.com/,NOT_FOUND,'+18173983458,2701 N Mkt Sq Ln,Northlake,TX,76247,NOT_FOUND,UNKNOWN,UNKNOWN,NOT_REQUESTED,NOT_FOUND,NOT_FOUND,NOT_FOUND,NOT_FOUND,NOT_FOUND,NOT_FOUND,NOT_FOUND,NOT_FOUND,NOT_FOUND,NOT_FOUND,NOT_FOUND,NOT_FOUND,NOT_FOUND,NOT_FOUND,NEEDS_REVIEW,Company name is present.; Location matched requested criteria (TX).; No legitimate industry/category evidence was found for the requested criteria.,38,SUPPORTED
Harvest By Hillwood Communities,https://harvestbyhillwood.com/,NOT_FOUND,'+19403056093,1301 Homestead Way,Argyle,TX,76226,NOT_FOUND,UNKNOWN,UNKNOWN,NOT_REQUESTED,NOT_FOUND,NOT_FOUND,NOT_FOUND,NOT_FOUND,NOT_FOUND,NOT_FOUND,NOT_FOUND,NOT_FOUND,NOT_FOUND,NOT_FOUND,NOT_FOUND,NOT_FOUND,NOT_FOUND,NOT_FOUND,NEEDS_REVIEW,Company name is present.; Location matched requested criteria (TX).; No legitimate industry/category evidence was found for the requested criteria.,38,SUPPORTED
MZ Land Group,https://mzlandgroupsolution.com/,NOT_FOUND,'+18559473440,106 N Denton Tap Rd,Coppell,TX,75019,US,UNKNOWN,UNKNOWN,NOT_REQUESTED,NOT_FOUND,Four Reasons Landowners Don,OWNER,NOT_FOUND,NOT_FOUND,NOT_FOUND,NOT_FOUND,NOT_FOUND,NOT_FOUND,NOT_FOUND,NOT_FOUND,NOT_FOUND,NOT_FOUND,NOT_FOUND,NEEDS_REVIEW,"Location matched requested criteria (TX, US).; Company identity has unresolved verification conflict.; No legitimate industry/category evidence was found for the requested criteria.; Critical required fields have unresolved verification conflicts.",35,SUPPORTED
Title Resources,https://titleresourcesnt.com/,info@trnt.net,'+19402930672,2438 Lillian B Miller Parkway,Denton,TX,76205,NOT_FOUND,UNKNOWN,UNKNOWN,NOT_REQUESTED,NOT_FOUND,NOT_FOUND,NOT_FOUND,NOT_FOUND,NOT_FOUND,NOT_FOUND,NOT_FOUND,NOT_FOUND,NOT_FOUND,NOT_FOUND,https://facebook.com/TitleResourcesNorthTexas/,NOT_FOUND,https://youtube.com/channel/UC6RhbPKoA02TX8Mfeg4uPkw,NOT_FOUND,NEEDS_REVIEW,Company identity has unresolved verification conflict.; Location has unresolved verification conflict.; No legitimate industry/category evidence was found for the requested criteria.; Critical required fields have unresolved verification conflicts.,12,NEEDS_REVIEW
Century 21,https://century21judgefite.com/,NOT_FOUND,'+19403204355,3537 Teasley Lane,Denton,TX,76210,NOT_FOUND,UNKNOWN,UNKNOWN,NOT_REQUESTED,NOT_FOUND,Judge Fite Company,DIRECTOR,NOT_FOUND,NOT_FOUND,NOT_FOUND,NOT_FOUND,NOT_FOUND,NOT_FOUND,https://linkedin.com/company/century-21-judge-fite/,https://facebook.com/c21jfc/,https://instagram.com/c21jfc/,https://youtube.com/user/judgefite,https://twitter.com/Century21judge,NEEDS_REVIEW,Location matched requested criteria (TX).; Industry/category evidence matched the requested search criteria.; Company identity has unresolved verification conflict.; Critical required fields have unresolved verification conflicts.,38,NOT_FOUND
Northern Cross Apartments Leasing Office,https://northerncrossapartments.com/,NOT_FOUND,'+18179935327,4200 Northern Cross Boulevard,Haltom City,TX,76137,NOT_FOUND,UNKNOWN,UNKNOWN,NOT_REQUESTED,NOT_FOUND,NOT_FOUND,NOT_FOUND,NOT_FOUND,NOT_FOUND,NOT_FOUND,NOT_FOUND,NOT_FOUND,NOT_FOUND,NOT_FOUND,NOT_FOUND,NOT_FOUND,NOT_FOUND,NOT_FOUND,NEEDS_REVIEW,Company name is present.; Location matched requested criteria (TX).; No legitimate industry/category evidence was found for the requested criteria.,38,NOT_FOUND
Resorts at 925 Main,https://925mainstreet.com/,NOT_FOUND,'+18886996960,925 South Main Street,Grapevine,TX,76051,NOT_FOUND,UNKNOWN,UNKNOWN,NOT_REQUESTED,NOT_FOUND,NOT_FOUND,NOT_FOUND,NOT_FOUND,NOT_FOUND,NOT_FOUND,NOT_FOUND,NOT_FOUND,NOT_FOUND,NOT_FOUND,NOT_FOUND,NOT_FOUND,NOT_FOUND,NOT_FOUND,NEEDS_REVIEW,Company name is present.; Location matched requested criteria (TX).; No legitimate industry/category evidence was found for the requested criteria.,30,NOT_FOUND
Avery,https://averyapartmenthomes.com/,NOT_FOUND,'+19728437059,350 Continental Drive,Lewisville,TX,75067,NOT_FOUND,UNKNOWN,UNKNOWN,NOT_REQUESTED,NOT_FOUND,NOT_FOUND,NOT_FOUND,NOT_FOUND,NOT_FOUND,NOT_FOUND,NOT_FOUND,NOT_FOUND,NOT_FOUND,NOT_FOUND,NOT_FOUND,NOT_FOUND,NOT_FOUND,NOT_FOUND,NEEDS_REVIEW,Company name is present.; Location matched requested criteria (TX).; No legitimate industry/category evidence was found for the requested criteria.,38,SUPPORTED
Enos and Co,https://enosandco.com/,NOT_FOUND,'+14696828757,2001 Timber Creek Road,Flower Mound,TX,75028,NOT_FOUND,UNKNOWN,UNKNOWN,NOT_REQUESTED,NOT_FOUND,NOT_FOUND,NOT_FOUND,NOT_FOUND,NOT_FOUND,NOT_FOUND,NOT_FOUND,NOT_FOUND,NOT_FOUND,NOT_FOUND,NOT_FOUND,NOT_FOUND,NOT_FOUND,NOT_FOUND,NEEDS_REVIEW,Company name is present.; Location matched requested criteria (TX).; No legitimate industry/category evidence was found for the requested criteria.,38,SUPPORTED
Wright Group Real Estate,https://buywright.com/,NOT_FOUND,'+18175009655,8528 Davis Boulevard,North Richland Hills,TX,76182,NOT_FOUND,UNKNOWN,UNKNOWN,NOT_REQUESTED,NOT_FOUND,NOT_FOUND,NOT_FOUND,NOT_FOUND,NOT_FOUND,NOT_FOUND,NOT_FOUND,NOT_FOUND,NOT_FOUND,NOT_FOUND,NOT_FOUND,NOT_FOUND,NOT_FOUND,NOT_FOUND,QUALIFIED,Company name is present.; Location matched requested criteria (TX).; Industry/category evidence matched the requested search criteria.,53,SUPPORTED
