Company Name,Qualification Status,Qualification Reason,Lead Score,Verification Status,Official Website,Domain,Decision Maker LinkedIn,LinkedIn,Decision Maker Facebook,Facebook,Decision Maker Instagram,Instagram,Company Email,Company Phone,Decision Maker Name,Decision Maker X,Decision Maker YouTube,Title,Company LinkedIn,Company Facebook,Company Instagram,Company X,Company YouTube
NOVATION,NEEDS_REVIEW,Decision-maker Sarkis Nourian matched required role and relationship evidence (SUPPORTED).; Company identity has unresolved verification conflict.; Official website was not found.; Location evidence was not found.; Company size could not be reliably established from evidence.; Category evidence is insufficient to qualify or disqualify.; Critical required fields have unresolved verification conflicts.,11,NEEDS_REVIEW,NOT_FOUND,NOT_FOUND,https://www.linkedin.com/in/sarkis-nourian-3211006a,https://www.linkedin.com/in/sarkis-nourian-3211006a,NOT_FOUND,NOT_FOUND,NOT_FOUND,NOT_FOUND,NOT_FOUND,NOT_FOUND,Sarkis Nourian,NOT_FOUND,NOT_FOUND,CEO,NOT_FOUND,NOT_FOUND,NOT_FOUND,NOT_FOUND,NOT_FOUND
The BRRRR Method: A Real Estate Investors Guide,NEEDS_REVIEW,Company name is present.; Official website was not found.; Location evidence was not found.; Company size could not be reliably established from evidence.; Category evidence is ambiguous with both supporting and excluding signals.; No reliable decision-maker was found.,0,PARTIALLY_VERIFIED,NOT_FOUND,NOT_FOUND,NOT_FOUND,NOT_FOUND,NOT_FOUND,NOT_FOUND,NOT_FOUND,NOT_FOUND,NOT_FOUND,NOT_FOUND,NOT_FOUND,NOT_FOUND,NOT_FOUND,NOT_FOUND,NOT_FOUND,NOT_FOUND,NOT_FOUND,NOT_FOUND,NOT_FOUND
BRRRR Method Real Estate Financing,NOT_QUALIFIED,Company name is present.; Business is a financing provider/lender rather than a cash home buyer or direct investor.; Official website was not found.; Location evidence was not found.; Company size could not be reliably established from evidence.; No reliable decision-maker was found.,0,PARTIALLY_VERIFIED,NOT_FOUND,NOT_FOUND,NOT_FOUND,NOT_FOUND,NOT_FOUND,NOT_FOUND,NOT_FOUND,NOT_FOUND,NOT_FOUND,NOT_FOUND,NOT_FOUND,NOT_FOUND,NOT_FOUND,NOT_FOUND,NOT_FOUND,NOT_FOUND,NOT_FOUND,NOT_FOUND,NOT_FOUND
Fix and Flip Deals Services in Texas & Florida,NEEDS_REVIEW,Company name is present.; Official website was not found.; Location evidence was not found.; Company size could not be reliably established from evidence.; Category evidence is ambiguous with both supporting and excluding signals.; No reliable decision-maker was found.,0,PARTIALLY_VERIFIED,NOT_FOUND,NOT_FOUND,NOT_FOUND,NOT_FOUND,NOT_FOUND,NOT_FOUND,NOT_FOUND,NOT_FOUND,NOT_FOUND,NOT_FOUND,NOT_FOUND,NOT_FOUND,NOT_FOUND,NOT_FOUND,NOT_FOUND,NOT_FOUND,NOT_FOUND,NOT_FOUND,NOT_FOUND
Texas Fix & Flip Lender,NEEDS_REVIEW,Company name is present.; Official website was not found.; Location evidence was not found.; Company size could not be reliably established from evidence.; Category evidence is ambiguous with both supporting and excluding signals.; No reliable decision-maker was found.,0,PARTIALLY_VERIFIED,NOT_FOUND,NOT_FOUND,NOT_FOUND,NOT_FOUND,NOT_FOUND,NOT_FOUND,NOT_FOUND,NOT_FOUND,NOT_FOUND,NOT_FOUND,NOT_FOUND,NOT_FOUND,NOT_FOUND,NOT_FOUND,NOT_FOUND,NOT_FOUND,NOT_FOUND,NOT_FOUND,NOT_FOUND
Park Place Finance,NOT_QUALIFIED,"Website is available and supported.; phone is available.; Company linkedin profile is available.; Company facebook profile is available.; Company instagram profile is available.; Company youtube profile is available.; Location did not match requested criteria (found Austin, TX).; Decision-maker appears associated with a different company.; Company identity has unresolved verification conflict.; Company size could not be reliably established from evidence.; Category evidence is ambiguous with both supporting and excluding signals.; Critical required fields have unresolved verification conflicts.",0,NEEDS_REVIEW,https://parkplacefinance.com/fix-and-flip-loans-texas,parkplacefinance.com,NOT_FOUND,NOT_FOUND,NOT_FOUND,NOT_FOUND,NOT_FOUND,NOT_FOUND,NOT_FOUND,(866) 407-1599,Know More About,NOT_FOUND,NOT_FOUND,PARTNER,https://linkedin.com/company/park-place-finance-llc---mortgage-lender/,https://facebook.com/Closein5Days/,https://instagram.com/parkplacefinance/,NOT_FOUND,https://youtube.com/@parkplacefinanceLLC
HAR.com,NOT_QUALIFIED,Website is available and supported.; phone is available.; Company linkedin profile is available.; Company facebook profile is available.; Company instagram profile is available.; Company youtube profile is available.; Decision-maker appears associated with a different company.; Company identity has unresolved verification conflict.; Location evidence was not found.; Company size could not be reliably established from evidence.; Category evidence is ambiguous with both supporting and excluding signals.; Critical required fields have unresolved verification conflicts.,0,NEEDS_REVIEW,https://www.har.com/blog_132575_real-estate-investing-strategies-fix-and-flip-vs-buy-and-hold-for-texas-foreclosures,har.com,NOT_FOUND,NOT_FOUND,NOT_FOUND,NOT_FOUND,NOT_FOUND,NOT_FOUND,info@har.com,832-406-4329,Bob Hale,NOT_FOUND,NOT_FOUND,CEO,https://linkedin.com/company/104802022/admin/dashboard,https://facebook.com/profile.php?id=61566331656435,https://instagram.com/legacylanepropertiesteam,NOT_FOUND,https://youtube.com/@legacylaneproperties
Best Fix & Flip Lenders in Texas 2026,NEEDS_REVIEW,Company name is present.; Official website was not found.; Location evidence was not found.; Company size could not be reliably established from evidence.; Category evidence is ambiguous with both supporting and excluding signals.; No reliable decision-maker was found.,0,NEEDS_REVIEW,NOT_FOUND,NOT_FOUND,NOT_FOUND,NOT_FOUND,NOT_FOUND,NOT_FOUND,NOT_FOUND,NOT_FOUND,NOT_FOUND,NOT_FOUND,NOT_FOUND,NOT_FOUND,NOT_FOUND,NOT_FOUND,https://linkedin.com/in/billrice,NOT_FOUND,NOT_FOUND,NOT_FOUND,NOT_FOUND
"Fix & Flip Home Loans in Austin, TX",NEEDS_REVIEW,Company name is present.; Company linkedin profile is available.; Company facebook profile is available.; Company instagram profile is available.; Official website was not found.; Location evidence was not found.; Company size could not be reliably established from evidence.; Category evidence is ambiguous with both supporting and excluding signals.; No reliable decision-maker was found.; phone has conflicting verification evidence.,0,NEEDS_REVIEW,NOT_FOUND,NOT_FOUND,NOT_FOUND,NOT_FOUND,NOT_FOUND,NOT_FOUND,NOT_FOUND,NOT_FOUND,info@missionmortgage.com,(512) 328-0400,NOT_FOUND,NOT_FOUND,NOT_FOUND,NOT_FOUND,https://linkedin.com/company/mission-mortgage-of-texas,https://facebook.com/missionmortgage,https://instagram.com/missionmortgage,NOT_FOUND,NOT_FOUND
Texas Cash Buyers List,NEEDS_REVIEW,Website is available and supported.; Company identity has unresolved verification conflict.; Location evidence was not found.; Company size could not be reliably established from evidence.; Category evidence is ambiguous with both supporting and excluding signals.; No reliable decision-maker was found.; Critical required fields have unresolved verification conflicts.,0,NEEDS_REVIEW,https://openbuyerslist.com/cash-buyers-list/texas,openbuyerslist.com,NOT_FOUND,NOT_FOUND,NOT_FOUND,NOT_FOUND,NOT_FOUND,NOT_FOUND,NOT_FOUND,NOT_FOUND,NOT_FOUND,NOT_FOUND,NOT_FOUND,NOT_FOUND,NOT_FOUND,NOT_FOUND,NOT_FOUND,NOT_FOUND,NOT_FOUND
Texas Fix & Flip Loans,NEEDS_REVIEW,Company name is present.; Website is available and supported.; phone is available.; Company linkedin profile is available.; Company facebook profile is available.; Company instagram profile is available.; Company x profile is available.; Location evidence was not found.; Company size could not be reliably established from evidence.; Category evidence is ambiguous with both supporting and excluding signals.; No reliable decision-maker was found.,0,NEEDS_REVIEW,https://ahlend.com/texas-hard-money-lenders/texas-fix-and-flip-loans,ahlend.com,NOT_FOUND,NOT_FOUND,NOT_FOUND,NOT_FOUND,NOT_FOUND,NOT_FOUND,info@ahlend.com,(800) 745-9280,NOT_FOUND,NOT_FOUND,NOT_FOUND,NOT_FOUND,https://linkedin.com/company/ahlending/,https://facebook.com/AmericanHeritageLendingLLC/,https://instagram.com/ah_lending/,https://twitter.com/AH_Lending,NOT_FOUND
A Texas Fix and Flip Loan You Can Count On,NEEDS_REVIEW,Company name is present.; Company linkedin profile is available.; Company facebook profile is available.; Company instagram profile is available.; Company youtube profile is available.; Official website was not found.; Location evidence was not found.; Company size could not be reliably established from evidence.; Category evidence is ambiguous with both supporting and excluding signals.; No reliable decision-maker was found.; phone has conflicting verification evidence.; Critical required fields have unresolved verification conflicts.,0,NEEDS_REVIEW,NOT_FOUND,NOT_FOUND,NOT_FOUND,NOT_FOUND,NOT_FOUND,NOT_FOUND,NOT_FOUND,NOT_FOUND,info@housemaxusa.com,(737) 587-3471,NOT_FOUND,NOT_FOUND,NOT_FOUND,NOT_FOUND,https://linkedin.com/company/housemaxfunding,https://facebook.com/HouseMaxFunding,https://instagram.com/housemaxfunding,NOT_FOUND,https://youtube.com/@HouseMaxFunding
50 Fix and Flip Lenders in Texas,NEEDS_REVIEW,Company name is present.; Company linkedin profile is available.; Company facebook profile is available.; Company youtube profile is available.; Official website was not found.; Location evidence was not found.; Company size could not be reliably established from evidence.; Category evidence is ambiguous with both supporting and excluding signals.; No reliable decision-maker was found.; phone has conflicting verification evidence.; Critical required fields have unresolved verification conflicts.,0,NEEDS_REVIEW,NOT_FOUND,NOT_FOUND,NOT_FOUND,NOT_FOUND,NOT_FOUND,NOT_FOUND,NOT_FOUND,NOT_FOUND,NOT_FOUND,1-888-473-6410,NOT_FOUND,NOT_FOUND,NOT_FOUND,NOT_FOUND,https://linkedin.com/company/hard-money-home-com,https://facebook.com/HardMoneyHomeOfficial,NOT_FOUND,NOT_FOUND,https://youtube.com/channel/UCg1D-bsFm221Ndv6VGGOKDw?view_as=subscriber
Texas Fix and Flip Loan Lender,NEEDS_REVIEW,Company name is present.; Company linkedin profile is available.; Company facebook profile is available.; Company instagram profile is available.; Company youtube profile is available.; Official website was not found.; Location evidence was not found.; Company size could not be reliably established from evidence.; Category evidence is ambiguous with both supporting and excluding signals.; No reliable decision-maker was found.; phone has conflicting verification evidence.; Critical required fields have unresolved verification conflicts.,0,NEEDS_REVIEW,NOT_FOUND,NOT_FOUND,NOT_FOUND,NOT_FOUND,NOT_FOUND,NOT_FOUND,NOT_FOUND,NOT_FOUND,NOT_FOUND,(866) 999-0398,NOT_FOUND,NOT_FOUND,NOT_FOUND,NOT_FOUND,https://linkedin.com/company/capital-fund-i-llc,https://facebook.com/capitalfund1,http://instagram.com/capitalfund1,NOT_FOUND,https://youtube.com/
Frequently Asked Questions,NEEDS_REVIEW,Company name is present.; Website is available and supported.; Official evidence supports the requested investor/acquisition activity.; Location evidence was not found.; Company size could not be reliably established from evidence.; No reliable decision-maker was found.,53,PARTIALLY_VERIFIED,https://www.fixandfliphomebuyers.com/faq,fixandfliphomebuyers.com,NOT_FOUND,NOT_FOUND,NOT_FOUND,NOT_FOUND,NOT_FOUND,NOT_FOUND,NOT_FOUND,NOT_FOUND,NOT_FOUND,NOT_FOUND,NOT_FOUND,NOT_FOUND,NOT_FOUND,NOT_FOUND,NOT_FOUND,NOT_FOUND,NOT_FOUND
Texas Fix and Flip Loans,NEEDS_REVIEW,Company name is present.; Website is available and supported.; Company linkedin profile is available.; Company facebook profile is available.; Company instagram profile is available.; Company x profile is available.; Company youtube profile is available.; Location evidence was not found.; Company size could not be reliably established from evidence.; Category evidence is ambiguous with both supporting and excluding signals.; No reliable decision-maker was found.; phone has conflicting verification evidence.; Critical required fields have unresolved verification conflicts.,0,NEEDS_REVIEW,https://trussfinancialgroup.com/texas-mortgage-lender/fix-and-flip-loans,trussfinancialgroup.com,NOT_FOUND,NOT_FOUND,NOT_FOUND,NOT_FOUND,NOT_FOUND,NOT_FOUND,hello@trussfinancialgroup.com,888-878-7715,NOT_FOUND,NOT_FOUND,NOT_FOUND,NOT_FOUND,https://linkedin.com/company/truss-financial-group,https://facebook.com/trussfinancialgroup/,https://instagram.com/trussfinancialgroup/,https://twitter.com/trussmortgage,https://youtube.com/channel/UCJ5g63sQv8LeHI_7HXRpjSQ
Nationwide,NOT_QUALIFIED,phone is available.; Company linkedin profile is available.; Company facebook profile is available.; Decision-maker appears associated with a different company.; Company identity has unresolved verification conflict.; Website has conflicting verification evidence.; Location evidence was not found.; Company size could not be reliably established from evidence.; Category evidence is ambiguous with both supporting and excluding signals.; Critical required fields have unresolved verification conflicts.,0,NEEDS_REVIEW,https://nationwidecashhomebuyers.com/,nationwidecashhomebuyers.com,NOT_FOUND,NOT_FOUND,NOT_FOUND,NOT_FOUND,NOT_FOUND,NOT_FOUND,michael@fix2fliphomebuyers.com,206-627-0842,Holly Snyder,NOT_FOUND,NOT_FOUND,President,https://linkedin.com/company/fix-2-flip-homebuyers,https://facebook.com/profile.php?id=61552688033682,NOT_FOUND,NOT_FOUND,NOT_FOUND
Houston House Flipper,NOT_QUALIFIED,"Website is available and supported.; Official evidence supports the requested investor/acquisition activity.; phone is available.; Company facebook profile is available.; Company instagram profile is available.; No decision-maker matched required roles (CEO, Founder, President, Manager).; Company identity has unresolved verification conflict.; Location evidence was not found.; Company size could not be reliably established from evidence.; Critical required fields have unresolved verification conflicts.",35,NEEDS_REVIEW,https://houstonhouseflippers.com,houstonhouseflippers.com,NOT_FOUND,NOT_FOUND,NOT_FOUND,NOT_FOUND,NOT_FOUND,NOT_FOUND,info@houstonhouseflippers.com,979-571-5087,Houston House Flipper,NOT_FOUND,NOT_FOUND,PARTNER,NOT_FOUND,https://facebook.com/profile.php?id=61574876314856,https://instagram.com/houston_house_flippers?igsh=dXc2MnE2ZzFraTJ0,NOT_FOUND,NOT_FOUND
Fix and Flip Loans Lenders Texas,NEEDS_REVIEW,Company name is present.; Website is available and supported.; phone is available.; Company linkedin profile is available.; Company facebook profile is available.; Company instagram profile is available.; Company youtube profile is available.; Location evidence was not found.; Company size could not be reliably established from evidence.; Category evidence is ambiguous with both supporting and excluding signals.; No reliable decision-maker was found.,0,NEEDS_REVIEW,https://www.simplendingfinancial.com/fix-and-flip,simplendingfinancial.com,NOT_FOUND,NOT_FOUND,NOT_FOUND,NOT_FOUND,NOT_FOUND,NOT_FOUND,info@simplendingfinancial.com,713-321-0201,NOT_FOUND,NOT_FOUND,NOT_FOUND,NOT_FOUND,https://linkedin.com/company/simplending-financial/,https://facebook.com/profile.php?id=100092875567467,https://instagram.com/simplendingfinancial/,NOT_FOUND,https://youtube.com/@SimplendingFinancial
